time,open,high,low,close,volume
2020-01-02,960.26,966.67,959.67,966.67,131523160
2020-01-03,968.72,970.88,965.14,965.14,149202550
2020-01-06,962.79,963.2,955.59,955.79,140978550
2020-01-07,955.39,959.46,953.19,958.88,130272030
2020-01-08,954.13,955.84,945.28,948.98,179374340
2020-01-09,953.86,960.73,952.16,960.15,132773820
2020-01-10,961.17,969.71,961.17,968.54,163058830
2020-01-13,966.89,968.63,964.79,965.84,117952020
2020-01-14,966.26,968.85,965.76,967.0,127784380
2020-01-15,967.69,967.69,964.84,967.56,112470420
2020-01-16,967.2,974.7,967.17,974.31,146756870
2020-01-17,976.28,980.02,973.79,978.96,117216890
2020-01-20,978.23,979.85,975.93,978.63,102398830
2020-01-21,978.82,986.37,978.82,986.37,128887950
2020-01-22,986.52,991.46,983.92,991.46,128966880
2020-01-30,975.15,977.72,954.0,959.58,181385230
2020-01-31,955.56,960.96,936.62,936.62,210630210
2020-02-03,916.6,930.37,891.85,928.14,246408370
2020-02-04,929.42,934.91,919.33,929.09,178000400
2020-02-05,934.75,936.33,921.89,925.91,163682070
2020-02-06,926.66,938.54,925.21,938.54,206129040
2020-02-07,938.61,943.48,935.94,940.75,165020480
2020-02-10,934.38,935.87,926.61,930.73,129573270
2020-02-11,931.55,936.04,931.55,934.67,159265510
2020-02-12,940.72,943.11,937.34,937.68,187439280
2020-02-13,937.19,939.1,934.47,938.24,163399728
2020-02-14,939.28,940.65,936.47,937.45,172195600
2020-02-17,938.52,938.52,931.66,934.77,149349950
2020-02-18,934.47,934.98,926.01,927.93,164327840
2020-02-19,926.41,931.66,925.86,928.76,161801070
2020-02-20,933.69,938.13,930.41,938.13,183636850
2020-02-21,937.13,940.53,932.32,933.09,179503790
2020-02-24,917.49,917.49,903.34,903.34,255965410
2020-02-25,893.95,909.67,893.95,909.67,186008510
2020-02-26,901.51,903.27,894.25,895.97,131173700
2020-02-27,892.15,899.34,889.14,898.44,135468580
2020-02-28,885.47,887.07,872.46,882.19,184315860
2020-03-02,878.43,886.45,877.31,884.43,173927240
2020-03-03,895.39,896.39,890.06,890.61,176373200
2020-03-04,887.85,889.85,882.83,889.37,195439390
2020-03-05,892.71,898.43,891.2,893.31,209158850
2020-03-06,888.96,891.44,882.71,891.44,175600680
2020-03-09,875.8,875.8,834.67,835.49,273180820
2020-03-10,813.83,843.28,806.63,837.5,242825240
2020-03-11,843.52,844.94,794.54,811.35,278303370
2020-03-12,778.06,778.06,762.12,769.25,311344630
2020-03-13,750.56,764.69,723.42,761.78,289011560
2020-03-16,758.28,758.59,737.58,747.86,222784370
2020-03-17,724.07,750.03,721.84,745.78,202420360
2020-03-18,747.4,752.65,742.12,747.66,205460100
2020-03-19,732.35,733.43,714.02,725.94,308921920
2020-03-20,728.55,729.35,709.73,709.73,197474500
2020-03-23,694.77,694.77,664.23,666.59,223310850
2020-03-24,655.49,666.28,652.27,659.21,212661260
2020-03-25,669.76,690.25,667.58,690.25,209923920
2020-03-26,689.0,700.76,680.1,694.21,171216480
2020-03-27,692.54,703.22,682.52,696.06,212339560
2020-03-30,663.91,665.56,657.36,662.26,194282800
2020-03-31,669.74,678.64,649.1,662.53,227893260
2020-04-01,658.8,684.96,657.41,680.23,203313080
2020-04-03,687.92,701.8,687.92,701.8,197918250
2020-04-06,716.22,736.75,715.39,736.75,304964360
2020-04-07,744.97,749.13,730.28,746.69,276556810
2020-04-08,740.03,748.36,730.12,748.02,203416250
2020-04-09,751.08,765.87,751.08,760.33,271131720
2020-04-10,759.08,764.36,751.59,757.94,295263430
2020-04-13,762.99,774.62,762.53,765.79,200195470
2020-04-14,769.01,769.53,753.85,767.41,229143390
2020-04-15,768.05,779.52,768.01,777.22,255468260
2020-04-16,773.11,781.06,770.91,780.7,217009350
2020-04-17,786.96,790.95,783.74,789.6,268469130
2020-04-20,796.17,797.49,786.73,794.97,304592700
2020-04-21,784.4,789.37,761.96,766.84,368523950
2020-04-22,752.8,774.94,749.97,768.92,223471930
2020-04-23,784.14,785.6,771.88,773.91,189393000
2020-04-24,777.28,778.3,767.31,776.66,226072090
2020-04-27,780.65,785.74,770.77,770.77,256843490
2020-04-28,773.31,776.13,763.66,767.21,197231630
2020-04-29,768.59,772.62,768.19,769.11,210867100
2020-05-04,766.14,769.73,761.64,762.47,253967720
2020-05-05,763.22,767.03,760.04,764.16,168997250
2020-05-06,767.3,782.59,765.37,782.59,209914330
2020-05-07,785.08,796.54,785.08,796.54,214433830
2020-05-08,800.32,825.72,800.2,813.73,340156270
2020-05-11,818.26,828.33,812.48,828.33,268927930
2020-05-12,827.29,835.95,819.66,835.32,290069940
2020-05-13,829.83,839.59,815.13,834.21,338667310
2020-05-14,830.97,836.19,826.17,832.4,273950180
2020-05-15,835.42,838.47,824.59,827.03,258289700
2020-05-18,827.49,837.61,823.08,837.01,224260950
2020-05-19,852.14,854.25,844.15,845.92,293801450
2020-05-20,843.26,852.91,842.21,852.91,235672860
2020-05-21,854.93,862.73,854.04,862.73,301190730
2020-05-22,859.29,860.65,852.08,852.74,265002610
2020-05-25,852.9,860.45,849.12,859.04,259643410
2020-05-26,861.47,869.65,860.22,869.13,306464080
2020-05-27,873.42,875.35,857.48,857.48,354487370
2020-05-28,858.97,866.17,856.48,861.39,261439230
2020-05-29,861.59,866.95,859.26,864.47,281746500
2020-06-01,868.97,878.67,868.97,878.67,418333970
2020-06-02,879.23,882.73,874.53,874.8,442308030
2020-06-03,876.73,881.17,874.01,881.17,285088708
2020-06-04,883.22,888.32,883.22,883.9,357669059
2020-06-05,883.4,886.59,878.5,886.22,403215436
2020-06-08,888.7,905.65,888.7,899.92,509361980
2020-06-09,902.26,904.89,898.87,903.1,311668275
2020-06-10,898.78,902.69,890.3,900.68,394416889
2020-06-11,900.48,903.7,867.37,867.37,623766555
2020-06-12,841.85,863.52,841.44,863.52,544093628
2020-06-15,867.52,868.16,832.47,832.47,459911916
2020-06-16,848.86,858.7,844.67,856.13,359812660
2020-06-17,861.05,861.05,852.27,854.44,311400140
2020-06-18,850.92,858.03,847.49,855.27,234958560
2020-06-19,857.77,868.56,857.77,868.56,372261840
2020-06-22,871.56,872.94,867.37,871.28,330561410
2020-06-23,871.12,873.2,864.02,868.2,400635460
2020-06-24,868.56,873.13,857.58,859.71,340026770
2020-06-25,851.09,856.23,849.65,854.59,285078310
2020-06-26,859.07,862.59,850.66,851.98,258644960
2020-06-29,846.26,846.53,826.0,829.36,335622750
2020-06-30,836.72,840.31,821.92,825.11,308543890
2020-07-01,827.67,844.26,826.38,843.49,251635370
2020-07-02,845.66,845.66,838.48,842.38,190900470
2020-07-03,845.26,848.16,843.25,847.61,172688260
2020-07-06,851.47,861.85,850.04,861.16,194421760
2020-07-07,865.46,870.63,863.42,863.42,284435650
2020-07-08,861.75,865.58,859.98,864.5,184014420
2020-07-09,867.66,878.36,867.45,876.46,259149310
2020-07-10,873.7,878.53,867.59,871.21,254910040
2020-07-13,874.85,876.83,866.99,868.72,203912630
2020-07-14,865.01,868.11,860.28,868.11,204647390
2020-07-15,872.8,876.69,869.91,869.91,223490580
2020-07-16,871.81,876.83,869.25,876.83,220943960
2020-07-17,873.48,875.07,871.89,872.02,238997770
2020-07-20,870.66,871.64,861.4,861.4,256105460
2020-07-21,863.94,864.7,856.94,861.69,216046880
2020-07-22,862.8,864.0,854.97,855.08,207218280
2020-07-23,854.92,857.22,851.97,856.75,221114760
2020-07-24,854.23,854.57,816.65,829.16,436845540
2020-07-27,794.14,808.74,780.64,785.17,374271440
2020-07-28,786.72,814.4,786.67,813.36,310645950
2020-07-29,800.39,800.39,779.82,790.84,311001410
2020-07-30,796.22,802.97,794.88,801.13,163227530
2020-07-31,787.78,803.55,786.98,798.39,219670740
2020-08-03,796.86,814.84,796.47,814.65,244789940
2020-08-04,822.86,827.57,820.2,827.57,251465920
2020-08-05,827.54,839.52,820.74,837.8,264841620
2020-08-06,838.01,844.16,833.56,840.04,233729360
2020-08-07,840.65,844.33,836.84,841.46,230026640
2020-08-10,845.11,849.52,843.2,843.2,277423110
2020-08-11,847.61,847.61,840.35,843.08,226765520
2020-08-12,844.19,848.54,842.88,846.92,238422860
2020-08-13,849.96,855.19,849.86,855.05,236129250
2020-08-14,854.29,860.32,848.38,850.74,285091480
2020-08-17,848.08,852.05,841.62,850.15,215893300
2020-08-18,850.27,851.06,845.0,846.43,183415680
2020-08-19,847.19,853.15,846.22,851.21,214883630
2020-08-20,851.33,856.99,847.44,848.21,232011660
2020-08-21,849.99,856.45,849.69,854.78,262789870
2020-08-24,860.35,868.68,860.35,868.68,345727410
2020-08-25,870.92,877.57,870.92,874.12,342448420
2020-08-26,873.62,876.97,871.78,873.47,320824630
2020-08-27,872.38,875.71,871.93,874.71,279106260
2020-08-28,878.79,885.86,877.7,878.98,328738170
2020-08-31,882.13,888.44,879.26,881.65,333312960
2020-09-01,882.4,892.51,880.79,891.73,285412810
2020-09-03,898.25,904.32,896.26,903.97,323223440
2020-09-04,896.02,903.11,893.86,901.54,316184660
2020-09-07,903.85,905.8,888.25,888.25,382825000
2020-09-08,891.61,894.58,884.88,890.14,266880030
2020-09-09,883.68,892.4,881.57,889.32,282232270
2020-09-10,895.29,896.78,888.82,888.82,283019010
2020-09-11,886.21,890.98,884.67,888.97,269585440
2020-09-14,891.89,895.31,891.89,894.57,318768720
2020-09-15,896.61,898.74,894.66,896.26,343362100
2020-09-16,897.43,897.58,894.63,897.47,262872740
2020-09-17,898.11,899.41,890.93,894.04,371114920
2020-09-18,896.08,902.11,895.82,900.95,303725090
2020-09-21,904.5,909.78,904.5,907.94,349431690
2020-09-22,905.9,909.69,902.47,906.19,367748340
2020-09-23,908.97,913.52,908.97,912.5,324674020
2020-09-24,910.53,914.51,907.32,908.58,357987680
2020-09-25,910.78,911.3,905.56,908.27,326126870
2020-09-28,911.2,913.6,910.04,912.5,378529100
2020-09-29,916.63,917.49,904.69,903.98,438172690
2020-09-30,904.34,907.0,900.44,905.21,310162690
2020-10-01,910.13,914.09,909.13,914.09,330218020
2020-10-02,915.62,916.67,897.72,909.91,501297560
2020-10-05,913.77,915.55,910.96,914.68,420759580
2020-10-06,918.11,918.93,912.77,915.67,472545310
2020-10-07,913.62,923.57,912.69,919.72,496266530
2020-10-08,922.08,922.08,913.89,918.84,446311540
2020-10-09,919.48,924.0,917.7,924.0,343796560
2020-10-12,930.78,933.13,923.28,925.83,414162820
2020-10-13,926.76,930.96,923.78,929.86,322972210
2020-10-14,931.89,940.18,931.89,940.18,386750560
2020-10-15,945.28,945.93,938.7,942.76,439631740
2020-10-16,944.03,946.23,935.98,943.3,395580380
2020-10-19,945.01,946.29,941.92,943.69,353154450
2020-10-20,941.0,944.54,937.32,944.42,385659020
2020-10-21,947.16,948.2,939.0,939.03,372347380
2020-10-22,938.06,949.9,933.78,949.9,316297780
2020-10-23,953.45,961.26,953.14,961.26,392430900
2020-10-26,967.52,970.15,950.8,950.8,404773940
2020-10-27,952.61,954.72,946.28,946.47,414913610
2020-10-28,942.82,946.91,921.05,921.05,433068340
2020-10-29,916.49,925.84,914.33,919.08,355910070
2020-10-30,925.41,926.32,911.2,925.47,297619160
2020-11-02,926.09,933.68,924.14,933.68,273082480
2020-11-03,936.73,937.57,932.18,935.41,302847830
2020-11-04,937.62,943.56,933.86,939.76,327410490
2020-11-05,940.32,945.51,937.75,937.75,270446750
2020-11-06,939.73,941.2,934.63,938.29,249258850
2020-11-09,942.15,951.99,942.15,951.99,369592050
2020-11-10,962.68,963.47,951.9,951.9,422041040
2020-11-11,954.46,956.65,947.61,952.22,353735780
2020-11-12,953.97,959.28,953.62,959.28,320081130
2020-11-13,959.56,966.29,959.13,966.29,419678370
2020-11-16,970.11,972.98,950.5,950.79,484179810
2020-11-17,955.52,968.9,953.22,968.9,371415910
2020-11-18,969.48,974.3,966.32,973.53,446206150
2020-11-19,975.32,983.26,974.33,983.26,473474550
2020-11-20,984.71,990.0,980.72,990.0,471526920
2020-11-23,991.87,995.9,985.38,994.19,450110750
2020-11-24,996.55,997.99,984.92,995.76,511566140
2020-11-25,1000.39,1002.31,996.8,999.94,445346780
2020-11-26,999.24,1005.97,994.91,1005.97,411338400
2020-11-27,1006.68,1010.22,1004.0,1010.22,381723340
2020-11-30,1011.82,1012.5,1002.61,1003.08,450045450
2020-12-01,988.71,1008.87,988.71,1008.87,536207660
2020-12-02,1008.77,1015.86,1007.91,1014.32,484658120
2020-12-03,1016.73,1020.35,1014.06,1019.8,496771120
2020-12-04,1020.49,1025.17,1018.67,1021.49,527019060
2020-12-07,1024.34,1030.41,1022.14,1029.98,473554480
2020-12-08,1030.88,1032.58,1025.63,1029.26,501250780
2020-12-09,1031.19,1039.55,1030.24,1039.13,554755640
2020-12-10,1041.65,1044.1,1030.91,1030.91,566339280
2020-12-11,1033.19,1045.96,1030.06,1045.96,413852370
2020-12-14,1048.97,1064.09,1048.97,1064.09,506310660
2020-12-15,1062.02,1067.45,1052.01,1055.27,621133560
2020-12-16,1058.34,1066.99,1057.21,1066.99,556546890
2020-12-17,1065.85,1065.85,1051.42,1051.77,634682600
2020-12-18,1055.75,1068.56,1055.75,1067.46,560068250
2020-12-21,1071.62,1081.6,1070.86,1081.08,660479750
2020-12-22,1081.85,1084.23,1077.06,1083.45,695860800
2020-12-23,1087.89,1094.09,1077.92,1078.9,742856110
2020-12-24,1083.83,1084.76,1046.89,1067.52,686557640
2020-12-25,1068.83,1084.42,1061.83,1084.42,592212900
2020-12-28,1094.37,1096.11,1083.9,1091.33,663869090
2020-12-29,1090.49,1102.79,1087.93,1099.49,618010510
2020-12-30,1099.78,1108.83,1094.91,1097.54,619802880
2020-12-31,1098.25,1105.33,1096.27,1103.87,500978800
2021-01-04,1113.77,1126.43,1113.59,1120.47,709701600
2021-01-05,1116.96,1134.45,1116.49,1132.55,710226500
2021-01-06,1139.12,1152.85,1133.7,1143.21,725414800
2021-01-07,1147.26,1156.49,1143.44,1156.49,719527100
2021-01-08,1164.1,1176.33,1160.48,1167.69,763095900
2021-01-11,1176.47,1186.45,1175.0,1184.89,776321700
2021-01-12,1190.38,1192.28,1179.24,1192.28,683329700
2021-01-13,1197.32,1200.82,1183.18,1186.05,747161400
2021-01-14,1189.48,1190.5,1178.84,1187.4,737417900
2021-01-15,1188.84,1197.74,1188.84,1194.2,746215900
2021-01-18,1198.79,1200.85,1190.33,1191.94,711741000
2021-01-19,1189.91,1189.91,1117.17,1131.0,923105700
2021-01-20,1136.5,1142.48,1098.05,1134.68,802789200
2021-01-21,1146.86,1164.21,1132.66,1164.21,666008100
2021-01-22,1166.77,1175.72,1161.43,1166.78,716238000
2021-01-25,1164.2,1172.18,1162.8,1166.05,665737500
2021-01-26,1164.97,1164.97,1121.03,1136.12,743159100
2021-01-27,1122.41,1132.99,1088.86,1097.17,745071300
2021-01-28,1041.71,1052.16,1022.77,1023.94,698605600
2021-01-29,998.33,1076.11,998.33,1056.61,743995900
2021-02-01,1062.13,1074.52,1035.51,1035.51,588446500
2021-02-02,1036.95,1075.53,1029.36,1075.53,554905500
2021-02-03,1084.87,1113.24,1082.95,1111.29,635966100
2021-02-04,1112.97,1117.88,1098.85,1112.19,471356200
2021-02-05,1114.79,1126.91,1112.19,1126.91,458710000
2021-02-08,1127.06,1127.06,1075.1,1083.18,635387600
2021-02-09,1090.88,1114.93,1078.98,1114.93,490182000
2021-02-17,1127.46,1155.78,1127.46,1155.78,510971700
2021-02-18,1157.1,1174.38,1148.66,1174.38,585040700
2021-02-19,1160.65,1178.18,1157.6,1173.5,547575400
2021-02-22,1173.57,1182.67,1169.12,1175.04,571176900
2021-02-23,1174.57,1184.32,1168.32,1177.64,571704900
2021-02-24,1184.32,1185.58,1154.36,1162.01,572631700
2021-02-25,1169.97,1169.97,1155.74,1165.43,493051100
2021-02-26,1148.88,1169.28,1148.88,1168.47,528150000
2021-03-01,1176.93,1186.82,1174.45,1186.17,593011800
2021-03-02,1196.16,1196.16,1181.99,1186.61,533302200
2021-03-03,1184.73,1189.18,1180.25,1186.95,584537200
2021-03-04,1191.78,1191.9,1159.48,1168.52,629649100
2021-03-05,1164.19,1169.56,1155.6,1168.69,568265900
2021-03-08,1180.33,1181.25,1164.02,1168.27,627495500
2021-03-09,1160.96,1166.42,1150.94,1161.97,613096200
2021-03-10,1163.86,1170.59,1154.89,1170.08,569498400
2021-03-11,1180.31,1183.73,1176.49,1181.73,586252400
2021-03-12,1185.21,1186.52,1178.14,1181.56,595631800
2021-03-15,1183.89,1186.06,1178.8,1184.56,634609700
2021-03-16,1184.91,1184.91,1171.76,1179.9,629617900
2021-03-17,1178.64,1186.09,1176.26,1186.09,648766800
2021-03-18,1196.6,1200.94,1191.94,1200.94,570101600
2021-03-19,1195.47,1199.67,1191.96,1194.05,600925800
2021-03-22,1200.05,1200.21,1189.31,1194.43,626610700
2021-03-23,1190.28,1191.47,1177.1,1183.45,643583000
2021-03-24,1169.42,1174.2,1154.22,1161.81,649741100
2021-03-25,1164.41,1170.76,1154.44,1163.1,613916000
2021-03-26,1162.71,1165.76,1137.9,1162.21,630516500
2021-03-29,1169.65,1175.77,1165.78,1175.68,592790900
2021-03-30,1179.64,1187.29,1172.85,1186.36,707543000
2021-03-31,1187.44,1196.45,1186.4,1191.44,670504300
2021-04-01,1194.59,1217.26,1192.83,1216.1,637059200
2021-04-02,1225.76,1228.29,1221.07,1224.45,608762900
2021-04-05,1245.28,1245.28,1228.18,1236.05,635303500
2021-04-06,1233.37,1244.63,1231.14,1239.96,656481800
2021-04-07,1237.39,1242.38,1232.52,1242.38,676166500
2021-04-08,1246.4,1246.4,1232.26,1234.89,633566500
2021-04-09,1231.51,1234.98,1227.6,1231.66,655839000
2021-04-12,1236.79,1252.45,1232.35,1252.45,857647000
2021-04-13,1262.44,1268.02,1247.66,1248.33,977605500
2021-04-14,1240.9,1255.87,1233.01,1255.87,813503500
2021-04-15,1262.25,1265.87,1247.25,1247.25,771443700
2021-04-16,1245.06,1254.61,1227.14,1238.71,948989400
2021-04-19,1243.58,1260.58,1233.77,1260.58,773047000
2021-04-20,1267.74,1286.32,1261.28,1268.28,798483500
2021-04-22,1264.31,1271.98,1227.82,1227.82,732254600
2021-04-23,1227.18,1248.53,1216.15,1248.53,684222800
2021-04-26,1251.25,1251.25,1214.14,1215.77,685386500
2021-04-27,1213.84,1220.96,1204.14,1219.75,544650900
2021-04-28,1220.26,1230.91,1217.49,1229.55,589498400
2021-04-29,1234.91,1239.39,1231.25,1239.39,614232800
2021-05-04,1222.08,1242.8,1212.56,1242.2,712632600
2021-05-05,1244.69,1265.93,1244.69,1256.43,685433600
2021-05-06,1255.42,1261.49,1246.64,1250.57,672398700
2021-05-07,1245.48,1250.5,1231.92,1241.81,745215600
2021-05-10,1239.96,1259.58,1236.85,1259.58,732066300
2021-05-11,1265.11,1272.55,1256.04,1256.04,709535700
2021-05-12,1251.97,1269.09,1249.18,1269.09,664157900
2021-05-13,1262.98,1273.49,1261.99,1261.99,680368500
2021-05-14,1266.43,1271.45,1259.97,1266.36,679016500
2021-05-17,1272.55,1277.83,1258.5,1258.7,705839600
2021-05-18,1259.57,1262.22,1249.02,1252.68,661244600
2021-05-19,1254.78,1262.71,1250.58,1262.49,650916500
2021-05-20,1264.62,1278.22,1255.78,1278.22,706187900
2021-05-21,1272.84,1289.03,1268.46,1283.93,654126800
2021-05-24,1287.5,1299.83,1287.36,1297.98,670713100
2021-05-25,1299.19,1308.58,1297.23,1308.58,639370500
2021-05-26,1308.04,1317.3,1304.68,1316.7,676236800
2021-05-27,1318.42,1319.67,1299.99,1303.57,685085600
2021-05-28,1307.79,1323.09,1300.06,1320.46,722285600
2021-05-31,1326.65,1328.05,1307.56,1328.05,700319900
2021-06-01,1329.47,1346.34,1328.84,1337.78,600477200
2021-06-02,1330.99,1344.98,1330.82,1340.78,755624100
2021-06-03,1345.21,1366.0,1345.21,1364.28,856882400
2021-06-04,1367.06,1374.05,1360.42,1374.05,887731100
2021-06-07,1374.59,1375.74,1347.21,1358.78,840122900
2021-06-08,1355.36,1364.48,1318.11,1319.88,874573200
2021-06-09,1323.52,1339.14,1312.08,1332.9,769829300
2021-06-10,1331.26,1336.71,1317.49,1323.58,674214800
2021-06-11,1326.79,1352.47,1322.08,1351.74,705032900
2021-06-14,1352.73,1368.53,1352.73,1361.72,715610800
2021-06-15,1361.58,1372.72,1356.59,1367.36,706567000
2021-06-16,1363.85,1370.14,1350.73,1356.52,740320300
2021-06-17,1341.06,1364.55,1337.49,1359.92,712336800
2021-06-18,1366.19,1377.77,1363.52,1377.77,750587000
2021-06-21,1373.59,1381.74,1367.85,1372.63,731280000
2021-06-22,1380.84,1385.98,1375.0,1379.97,694747200
2021-06-23,1383.15,1388.33,1372.06,1376.87,644736300
2021-06-24,1380.07,1384.71,1372.99,1379.72,538103500
2021-06-25,1382.11,1390.12,1372.8,1390.12,518602200
2021-06-28,1397.96,1406.02,1390.56,1405.81,654617700
2021-06-29,1408.34,1416.34,1406.87,1410.04,609604200
2021-06-30,1410.83,1419.61,1408.18,1408.55,532318900
2021-07-01,1412.15,1417.27,1402.18,1417.08,699282500
2021-07-02,1422.89,1424.28,1415.82,1420.27,653610300
2021-07-05,1420.27,1421.52,1394.12,1411.13,774451500
2021-07-06,1411.13,1418.99,1354.79,1354.79,773512600
2021-07-07,1361.76,1388.55,1334.58,1388.55,733801300
2021-07-08,1381.11,1385.75,1363.92,1374.68,528832600
2021-07-09,1365.28,1373.51,1335.9,1347.14,713991100
2021-07-12,1338.11,1340.65,1270.06,1296.3,912737200
2021-07-13,1305.36,1307.73,1278.3,1297.54,500178900
2021-07-14,1297.41,1305.37,1264.68,1279.91,547973900
2021-07-15,1270.77,1299.18,1270.77,1293.92,419138600
2021-07-16,1298.38,1304.37,1296.06,1299.31,415120500
2021-07-19,1269.06,1276.55,1237.79,1243.51,675617000
2021-07-20,1245.96,1273.29,1225.52,1273.29,538794200
2021-07-21,1277.27,1284.33,1266.71,1270.79,395114300
2021-07-22,1270.7,1294.16,1266.54,1293.67,493258000
2021-07-23,1288.83,1295.63,1268.83,1268.83,550861800
2021-07-26,1262.74,1277.33,1254.57,1272.71,461081000
2021-07-27,1283.67,1288.35,1276.53,1276.93,519931600
2021-07-28,1273.48,1281.17,1271.78,1277.07,361912000
2021-07-29,1286.33,1293.6,1282.88,1293.6,445516100
2021-07-30,1298.01,1311.97,1296.95,1310.05,618748500
2021-08-02,1308.69,1322.35,1304.49,1314.22,586763000
2021-08-03,1316.15,1332.44,1315.57,1332.44,617967000
2021-08-04,1337.72,1340.76,1328.4,1334.74,626287700
2021-08-05,1331.14,1346.62,1326.8,1345.55,590429600
2021-08-06,1348.24,1351.85,1341.45,1341.45,682081800
2021-08-09,1337.78,1361.12,1334.69,1359.86,636278900
2021-08-10,1367.99,1370.35,1358.12,1362.43,677981600
2021-08-11,1365.05,1374.03,1357.79,1357.79,770571200
2021-08-12,1356.27,1365.01,1353.05,1353.05,716513500
2021-08-13,1352.56,1357.41,1336.74,1357.05,718718300
2021-08-16,1364.1,1372.33,1361.75,1370.96,798944800
2021-08-17,1377.7,1379.7,1359.11,1363.09,732378200
2021-08-18,1361.24,1370.5,1355.83,1360.94,641678400
2021-08-19,1360.61,1374.85,1352.94,1374.85,653254900
2021-08-20,1367.86,1369.39,1317.52,1329.43,1171621900
2021-08-23,1322.71,1327.04,1298.86,1298.86,768105500
2021-08-24,1302.9,1307.56,1289.16,1298.74,648543100
2021-08-25,1300.74,1310.16,1291.7,1309.55,481772400
2021-08-26,1313.36,1316.26,1295.77,1301.12,497853400
2021-08-27,1293.98,1313.2,1285.16,1313.2,658578200
2021-08-30,1323.39,1329.62,1318.76,1328.14,641161300
2021-08-31,1332.61,1336.14,1325.69,1331.47,712344100
2021-09-01,1328.78,1338.02,1328.13,1334.65,679730000
2021-09-06,1340.71,1348.36,1339.8,1346.39,889375400
2021-09-07,1349.13,1353.66,1340.32,1341.9,849578800
2021-09-08,1343.92,1344.49,1328.35,1333.61,596039700
2021-09-09,1333.62,1345.59,1332.67,1343.98,593520900
2021-09-10,1348.74,1350.43,1345.07,1345.31,559050700
2021-09-13,1348.07,1350.69,1340.5,1341.43,744228400
2021-09-14,1343.38,1349.13,1336.84,1339.7,692214900
2021-09-15,1338.11,1347.7,1334.97,1345.83,645625800
2021-09-16,1351.85,1353.12,1341.23,1345.87,570520600
2021-09-17,1347.66,1356.45,1347.13,1352.64,813151300
2021-09-20,1361.12,1365.92,1349.18,1350.48,852479800
2021-09-21,1335.96,1346.32,1324.82,1339.84,816979400
2021-09-22,1343.89,1350.71,1336.63,1350.68,727734800
2021-09-23,1357.65,1361.09,1350.43,1352.76,961252500
2021-09-24,1354.84,1356.97,1348.07,1351.17,627564000
2021-09-27,1353.39,1354.38,1324.99,1324.99,720860100
2021-09-28,1319.53,1341.81,1316.41,1339.31,584057900
2021-09-29,1338.8,1340.9,1328.17,1339.21,559164300
2021-09-30,1341.83,1348.89,1341.15,1342.06,438294600
2021-10-01,1339.68,1344.06,1332.97,1334.89,601963900
2021-10-04,1337.74,1347.49,1333.53,1339.54,700605800
2021-10-05,1345.43,1354.63,1343.48,1354.63,576701100
2021-10-06,1359.63,1362.82,1355.0,1362.82,594012900
2021-10-07,1365.54,1367.64,1360.57,1365.99,658670400
2021-10-08,1369.14,1373.18,1365.93,1372.73,603842600
2021-10-11,1377.53,1394.64,1377.3,1394.09,721458300
2021-10-12,1398.03,1400.78,1389.43,1394.8,707870000
2021-10-13,1398.21,1400.67,1389.61,1391.91,608348500
2021-10-14,1392.88,1398.67,1388.89,1391.85,690243000
2021-10-15,1395.81,1399.03,1388.0,1392.7,743666800
2021-10-18,1395.57,1402.63,1390.88,1395.53,764032400
2021-10-19,1396.07,1399.66,1388.95,1395.33,605953600
2021-10-20,1398.45,1401.76,1376.15,1393.8,804215000
2021-10-21,1397.59,1398.45,1384.77,1384.77,681412600
2021-10-22,1388.66,1393.7,1385.53,1389.24,746799700
2021-10-25,1395.45,1395.72,1385.4,1385.4,868073700
2021-10-26,1384.12,1393.03,1377.56,1391.63,703571700
2021-10-27,1397.51,1423.02,1395.83,1423.02,861686700
2021-10-28,1427.89,1440.64,1420.42,1438.01,826726500
2021-10-29,1439.27,1447.62,1432.19,1444.27,946189100
2021-11-01,1449.32,1451.81,1435.57,1438.97,1092936400
2021-11-02,1439.61,1452.46,1438.83,1452.46,972155400
2021-11-03,1459.05,1463.63,1440.67,1444.3,1455441700
2021-11-04,1442.89,1451.98,1435.84,1448.34,890357900
2021-11-05,1450.71,1459.93,1444.51,1456.51,844497200
2021-11-08,1461.61,1470.49,1456.9,1467.57,1006323900
2021-11-09,1469.94,1474.2,1457.57,1461.5,1003649300
2021-11-10,1465.1,1470.19,1457.98,1465.02,955160600
2021-11-11,1469.22,1472.89,1449.18,1462.35,1206887000
2021-11-12,1464.2,1474.98,1453.22,1473.37,909366000
2021-11-15,1481.75,1481.96,1466.01,1476.57,1146225600
2021-11-16,1472.83,1476.97,1459.08,1466.45,1157402400
2021-11-17,1467.08,1477.04,1464.78,1475.85,828629100
2021-11-18,1479.39,1482.87,1469.83,1469.83,1052200900
2021-11-19,1474.11,1481.53,1434.69,1452.35,1490882800
2021-11-22,1452.3,1466.46,1442.85,1447.25,1209419000
2021-11-23,1442.66,1463.63,1438.41,1463.63,839875300
2021-11-24,1470.66,1491.05,1467.29,1488.87,1073235900
2021-11-25,1496.41,1505.36,1490.32,1500.81,953098400
2021-11-26,1506.69,1511.68,1488.83,1493.03,1006637100
2021-11-29,1464.83,1488.93,1464.83,1484.84,983072000
2021-11-30,1500.24,1503.09,1471.57,1478.44,1049366600
2021-12-01,1477.85,1487.68,1471.3,1485.19,837551800
2021-12-02,1489.12,1493.84,1482.05,1482.05,745629400
2021-12-03,1489.54,1491.2,1443.32,1443.32,1034480600
2021-12-06,1446.28,1452.55,1400.87,1413.58,1013743700
2021-12-07,1426.88,1446.77,1421.6,1446.77,691695900
2021-12-08,1451.94,1460.28,1447.88,1452.87,732009400
2021-12-09,1447.59,1467.98,1446.88,1467.98,631261500
2021-12-10,1469.83,1475.85,1461.78,1463.54,780120100
2021-12-13,1471.96,1481.7,1470.08,1476.21,815155200
2021-12-14,1476.82,1485.14,1469.21,1476.02,914795700
2021-12-15,1476.5,1481.67,1468.21,1475.5,861484300
2021-12-16,1481.85,1482.32,1468.95,1476.61,889612700
2021-12-17,1481.76,1487.73,1479.79,1479.79,1065320100
2021-12-20,1483.85,1483.85,1468.88,1477.33,906869900
2021-12-21,1474.87,1486.09,1472.43,1478.74,866421100
2021-12-22,1484.9,1489.24,1471.84,1477.67,1031093800
2021-12-23,1479.46,1481.21,1447.14,1456.96,1266412300
2021-12-24,1463.1,1478.8,1456.32,1477.03,855008900
2021-12-27,1483.64,1490.12,1469.91,1488.88,715824500
2021-12-28,1494.9,1499.77,1483.97,1494.39,933584700
2021-12-29,1497.86,1498.91,1485.82,1485.82,793769800
2021-12-30,1490.96,1493.38,1484.82,1485.97,724365200
2021-12-31,1490.17,1499.07,1489.71,1498.28,846534300
2022-01-04,1508.55,1526.69,1507.19,1525.58,839676500
2022-01-05,1529.06,1535.82,1522.5,1522.5,987023800
2022-01-06,1519.72,1536.24,1518.18,1528.57,1087239800
2022-01-07,1534.1,1534.52,1524.96,1528.48,951525400
2022-01-10,1528.74,1536.45,1503.71,1503.71,1315951200
2022-01-11,1505.04,1512.05,1488.4,1492.31,1219558100
2022-01-12,1489.11,1510.51,1464.49,1510.51,1104610300
2022-01-13,1512.9,1522.6,1495.13,1496.05,977115800
2022-01-14,1486.91,1503.25,1476.68,1496.02,734088500
2022-01-17,1498.83,1503.86,1452.84,1452.84,926487900
2022-01-18,1439.29,1452.14,1424.65,1438.94,691087800
2022-01-19,1438.95,1449.11,1434.46,1442.79,557995700
2022-01-20,1438.98,1469.08,1432.58,1465.3,762449400
2022-01-21,1471.9,1477.23,1463.06,1472.89,784569900
2022-01-24,1465.94,1467.99,1432.18,1439.71,796675500
2022-01-25,1431.51,1479.58,1424.36,1479.58,706092300
2022-01-26,1484.73,1490.45,1478.41,1481.58,767576600
2022-01-27,1477.15,1486.39,1464.06,1470.76,522667600
2022-01-28,1469.54,1484.48,1465.22,1478.96,663924300
2022-02-07,1499.27,1505.69,1493.89,1497.66,551698200
2022-02-08,1496.53,1503.33,1491.78,1500.99,697228100
2022-02-09,1500.78,1511.72,1499.53,1505.38,754188100
2022-02-10,1510.66,1512.88,1495.7,1506.79,628938000
2022-02-11,1503.37,1508.54,1499.06,1501.71,577407200
2022-02-14,1485.75,1495.99,1471.96,1471.96,751563900
2022-02-15,1473.92,1495.56,1470.06,1492.75,572156100
2022-02-16,1499.03,1499.5,1486.68,1492.1,617187300
2022-02-17,1492.56,1507.99,1492.49,1507.99,588111300
2022-02-18,1494.3,1507.29,1492.38,1504.84,672537800
2022-02-21,1504.96,1516.63,1500.97,1510.84,737693400
2022-02-22,1497.46,1506.38,1484.81,1503.47,875383700
2022-02-23,1509.42,1520.78,1507.37,1512.3,660165300
2022-02-24,1511.84,1513.25,1473.76,1494.85,1133051100
2022-02-25,1504.37,1512.05,1498.89,1498.89,736050400
2022-02-28,1499.31,1502.36,1487.57,1490.13,693212400
2022-03-01,1493.41,1501.73,1491.48,1498.78,796368600
2022-03-02,1499.37,1500.41,1479.55,1485.52,914957200
2022-03-03,1492.42,1505.0,1487.69,1505.0,902783400
2022-03-04,1506.79,1509.19,1501.39,1505.33,873323700
2022-03-07,1500.65,1505.32,1493.87,1499.05,941752700
2022-03-08,1487.37,1495.97,1473.71,1473.71,982168800
2022-03-09,1478.16,1482.86,1462.8,1473.74,888352600
2022-03-10,1476.76,1488.59,1476.76,1479.08,629092200
2022-03-11,1478.23,1480.29,1458.88,1466.54,855643700
2022-03-14,1459.28,1461.06,1439.19,1446.25,815892100
2022-03-15,1445.05,1453.07,1437.27,1452.74,641644500
2022-03-16,1459.97,1462.98,1453.91,1459.33,544662700
2022-03-17,1466.56,1467.74,1459.14,1461.34,683175800
2022-03-18,1466.14,1474.86,1465.57,1469.1,745610800
2022-03-21,1474.78,1494.95,1474.38,1494.95,727377200
2022-03-22,1500.08,1507.71,1498.48,1503.78,905037000
2022-03-23,1505.76,1513.9,1501.67,1502.34,788727300
2022-03-24,1504.3,1505.39,1495.18,1498.26,753772900
2022-03-25,1500.17,1503.29,1494.55,1498.5,724086800
2022-03-28,1490.44,1496.79,1473.8,1483.18,988984900
2022-03-29,1485.22,1498.45,1485.22,1497.76,687922600
2022-03-30,1492.15,1503.89,1483.9,1490.51,880911900
2022-03-31,1492.5,1498.41,1488.27,1492.15,633286300
2022-04-01,1489.47,1516.87,1484.13,1516.44,881661100
2022-04-04,1530.02,1530.95,1522.82,1524.7,734587100
2022-04-05,1521.37,1527.57,1519.28,1520.03,663110500
2022-04-06,1513.17,1523.75,1507.62,1522.9,912695000
2022-04-07,1524.12,1524.92,1502.35,1502.35,763664700
2022-04-08,1501.61,1507.73,1482.0,1482.0,741103600
2022-04-12,1487.86,1490.58,1455.25,1455.25,656188800
2022-04-13,1459.48,1477.2,1448.52,1477.2,636344500
2022-04-14,1481.5,1484.34,1471.75,1472.12,498914000
2022-04-15,1470.53,1478.95,1456.39,1458.56,639722900
2022-04-18,1456.47,1456.47,1425.07,1432.6,790646000
2022-04-19,1435.78,1442.04,1406.45,1406.45,666337000
2022-04-20,1401.63,1410.64,1384.72,1384.72,652803300
2022-04-21,1369.8,1392.33,1356.58,1370.21,741348500
2022-04-22,1378.28,1392.89,1352.43,1379.23,799750600
2022-04-25,1377.75,1382.13,1298.38,1310.92,696873600
2022-04-26,1285.4,1341.34,1261.4,1341.34,673169600
2022-04-27,1340.07,1355.92,1314.81,1353.77,485406800
2022-04-28,1353.71,1358.07,1344.1,1350.99,458334600
2022-04-29,1347.08,1369.31,1343.24,1366.8,532838100
2022-05-04,1366.11,1366.39,1348.68,1348.68,498884800
2022-05-05,1361.62,1362.18,1331.41,1360.68,510234300
2022-05-06,1333.55,1353.48,1328.13,1329.26,510678900
2022-05-09,1313.49,1314.52,1265.54,1269.62,627609200
2022-05-10,1240.93,1293.56,1232.57,1293.56,600766800
2022-05-11,1295.39,1305.17,1277.91,1301.53,380880400
2022-05-12,1290.4,1291.65,1238.05,1238.84,516642600
2022-05-13,1235.03,1237.8,1180.6,1182.77,736096200
2022-05-16,1208.05,1215.96,1170.59,1171.95,551353400
2022-05-17,1164.32,1228.37,1156.54,1228.37,542868100
2022-05-18,1240.06,1249.84,1222.92,1240.76,514538800
2022-05-19,1211.31,1246.66,1210.43,1241.64,459858400
2022-05-20,1240.72,1252.96,1232.33,1240.71,465793600
2022-05-23,1246.56,1246.58,1207.99,1218.81,488979100
2022-05-24,1218.87,1233.38,1203.28,1233.38,479498700
2022-05-25,1238.52,1268.43,1234.17,1268.43,616951500
2022-05-26,1273.8,1278.11,1261.55,1268.57,514352700
2022-05-27,1270.56,1286.99,1269.29,1285.45,578174500
2022-05-30,1290.11,1296.22,1281.27,1293.92,499452600
2022-05-31,1288.63,1297.64,1280.44,1292.68,543596100
2022-06-01,1289.56,1302.25,1286.01,1299.52,505619500
2022-06-02,1300.58,1302.66,1283.32,1288.62,527625000
2022-06-03,1284.62,1292.78,1276.37,1287.98,430601700
2022-06-06,1290.04,1302.14,1281.95,1290.01,541562900
2022-06-07,1285.07,1291.35,1260.92,1291.35,625987600
2022-06-08,1297.56,1316.78,1294.27,1307.91,543305900
2022-06-09,1310.35,1312.44,1300.85,1307.8,436340700
2022-06-10,1298.78,1309.59,1284.08,1284.08,561068400
2022-06-13,1251.08,1261.54,1226.01,1227.04,709415500
2022-06-14,1213.44,1239.36,1211.13,1230.31,519177100
2022-06-15,1231.23,1235.56,1195.19,1213.93,626914600
2022-06-16,1227.24,1246.32,1223.0,1236.63,522295400
2022-06-17,1210.5,1220.41,1191.92,1217.3,684022500
2022-06-20,1218.37,1221.6,1180.4,1180.4,620002900
2022-06-21,1172.98,1189.97,1162.94,1172.47,607711900
2022-06-22,1180.11,1185.86,1162.98,1169.27,529135300
2022-06-23,1162.06,1188.88,1162.06,1188.88,380442900
2022-06-24,1190.82,1196.85,1185.48,1185.48,410876800
2022-06-27,1189.12,1203.51,1187.38,1202.82,429735700
2022-06-28,1202.41,1221.74,1198.99,1218.1,534186600
2022-06-29,1208.22,1219.58,1207.38,1218.09,519299900
2022-06-30,1218.22,1220.51,1197.6,1197.6,471576000
2022-07-01,1193.04,1202.41,1170.95,1198.9,498479000
2022-07-04,1206.47,1208.96,1192.63,1195.53,403314600
2022-07-05,1198.42,1200.99,1181.29,1181.29,559493000
2022-07-06,1167.25,1175.26,1147.63,1149.61,511773800
2022-07-07,1148.97,1166.48,1142.8,1166.48,362816600
2022-07-08,1174.53,1177.18,1164.23,1171.31,437189300
2022-07-11,1161.3,1165.6,1144.55,1155.29,488732000
2022-07-12,1154.31,1174.82,1153.55,1174.82,475429100
2022-07-13,1173.46,1182.21,1170.92,1173.92,522379700
2022-07-14,1170.7,1182.17,1170.04,1182.17,490512400
2022-07-15,1183.15,1189.66,1178.12,1179.25,543854200
2022-07-18,1184.74,1184.93,1174.7,1176.49,480514500
2022-07-19,1176.1,1180.46,1168.99,1178.33,479006800
2022-07-20,1188.12,1198.63,1185.82,1194.14,601098600
2022-07-21,1195.03,1201.91,1194.89,1198.47,500949000
2022-07-22,1199.16,1202.69,1194.76,1194.76,448428100
2022-07-25,1191.43,1198.16,1184.32,1188.5,410066000
2022-07-26,1189.2,1194.15,1184.44,1185.07,388328300
2022-07-27,1180.83,1191.04,1178.58,1191.04,387799200
2022-07-28,1201.77,1214.03,1198.68,1208.12,620546700
2022-07-29,1214.32,1217.84,1206.33,1206.33,537058300
2022-08-01,1209.05,1231.35,1206.46,1231.35,681871300
2022-08-02,1230.31,1241.91,1224.11,1241.62,734388200
2022-08-03,1233.84,1250.2,1232.41,1249.76,702358600
2022-08-04,1252.49,1257.38,1247.38,1254.15,655935800
2022-08-05,1250.25,1253.75,1245.05,1252.74,604391400
2022-08-08,1252.36,1258.84,1252.04,1256.75,634015600
2022-08-09,1260.36,1263.14,1252.84,1258.85,655262300
2022-08-10,1255.69,1260.36,1253.89,1256.5,584384800
2022-08-11,1261.91,1268.03,1245.85,1252.07,765336500
2022-08-12,1250.76,1262.33,1248.65,1262.33,508817800
2022-08-15,1268.56,1274.24,1267.14,1274.2,585580500
2022-08-16,1274.18,1275.93,1271.11,1274.69,569526100
2022-08-17,1276.76,1280.61,1271.97,1275.28,644581600
2022-08-18,1273.45,1283.15,1268.64,1273.66,558424300
2022-08-19,1272.04,1280.0,1263.45,1269.18,568209800
2022-08-22,1268.52,1270.57,1255.83,1260.43,566785900
2022-08-23,1253.45,1270.81,1253.45,1270.81,520796300
2022-08-24,1275.57,1280.36,1272.33,1277.16,519810800
2022-08-25,1279.45,1289.18,1279.45,1288.88,562124700
2022-08-26,1291.29,1295.12,1280.05,1282.57,614354500
2022-08-29,1263.43,1271.56,1249.17,1270.8,793997300
2022-08-30,1271.01,1287.65,1271.01,1279.39,473770000
2022-08-31,1276.65,1285.29,1274.99,1280.51,462420100
2022-09-05,1280.34,1285.7,1275.35,1277.35,466166300
2022-09-06,1279.58,1286.92,1277.4,1277.4,537987600
2022-09-07,1274.68,1275.07,1243.17,1243.17,796593600
2022-09-08,1251.22,1251.36,1234.6,1234.6,557779800
2022-09-09,1241.26,1248.78,1228.54,1248.78,542039800
2022-09-12,1255.16,1257.8,1248.97,1249.62,390724400
2022-09-13,1251.1,1252.35,1243.87,1248.4,410707400
2022-09-14,1229.76,1242.17,1228.51,1240.77,574337900
2022-09-15,1246.92,1250.93,1243.45,1245.66,385727500
2022-09-16,1243.15,1246.17,1230.37,1234.03,594453000
2022-09-19,1231.8,1233.46,1202.07,1205.43,641804000
2022-09-20,1212.08,1218.93,1199.71,1218.93,412723400
2022-09-21,1213.2,1217.28,1204.68,1210.55,325527500
2022-09-22,1200.34,1214.7,1196.64,1214.7,435982100
2022-09-23,1214.81,1216.59,1201.45,1203.28,443208000
2022-09-26,1186.41,1190.27,1159.12,1174.35,701894100
2022-09-27,1177.66,1180.75,1166.44,1166.54,406199700
2022-09-28,1158.6,1162.6,1142.79,1143.62,496730000
2022-09-29,1149.78,1159.49,1126.07,1126.07,415993300
2022-09-30,1116.11,1135.47,1099.44,1132.11,612447000
2022-10-03,1124.46,1126.46,1079.86,1086.44,501911900
2022-10-04,1095.73,1100.42,1069.74,1078.14,513862500
2022-10-05,1092.08,1110.21,1092.08,1104.26,396842100
2022-10-06,1105.31,1106.97,1072.57,1074.52,499954800
2022-10-07,1060.58,1062.23,1022.38,1035.91,788668100
2022-10-10,1022.22,1051.02,1012.94,1042.48,541876100
2022-10-11,1036.48,1036.48,998.64,1006.2,580908400
2022-10-12,1006.74,1039.44,1002.89,1034.81,532825500
2022-10-13,1034.48,1050.99,1025.04,1050.99,402643700
2022-10-14,1050.99,1068.12,1050.99,1061.85,641479597
2022-10-17,1061.85,1061.85,1033.59,1051.58,497417202
2022-10-18,1051.58,1071.74,1051.58,1063.66,514837794
2022-10-19,1063.66,1065.99,1052.29,1060.07,400659500
2022-10-20,1060.07,1065.28,1048.21,1058.45,398325488
2022-10-21,1058.45,1059.09,1013.69,1019.82,742095685
2022-10-24,1019.82,1023.51,977.41,986.15,654944880
2022-10-25,986.15,1011.39,962.45,997.7,751178249
2022-10-26,997.7,1004.55,984.71,993.36,448275048
2022-10-27,993.36,1028.01,990.48,1028.01,647723295
2022-10-28,1028.01,1044.57,1026.53,1027.36,654695656
2022-10-31,1027.36,1030.32,1005.0,1027.94,662040843
2022-11-01,1027.94,1043.53,1027.39,1033.75,613979713
2022-11-02,1033.75,1034.73,1018.64,1023.19,578232400
2022-11-03,1023.19,1023.95,1010.65,1019.81,442888391
2022-11-04,1019.81,1019.81,974.61,997.15,753114300
2022-11-07,997.15,997.15,969.61,975.19,646845431
2022-11-08,975.19,981.86,956.97,981.65,660722948
2022-11-09,981.65,994.79,977.93,985.59,583059080
2022-11-10,985.59,985.59,935.78,947.24,698764030
2022-11-11,947.24,966.7,947.24,954.53,736493658
2022-11-14,954.53,954.53,923.53,941.04,666060408
2022-11-15,941.04,941.04,900.17,911.9,692336869
2022-11-16,911.9,945.42,873.78,942.9,1046754131
2022-11-17,942.9,972.88,942.9,969.26,724460987
2022-11-18,969.26,971.77,939.73,969.33,960582090
2022-11-21,969.33,973.19,956.77,960.65,597720759
2022-11-22,960.65,981.39,948.52,952.12,1050028405
2022-11-23,952.12,958.61,942.02,946.0,542121766
2022-11-24,946.0,950.03,934.31,947.71,543143603
2022-11-25,947.71,971.46,947.71,971.46,622497264
2022-11-28,971.46,1006.22,971.46,1005.69,973787852
2022-11-29,1005.69,1032.16,998.56,1032.16,1184149764
2022-11-30,1037.4,1048.42,1021.54,1048.42,1143350102
2022-12-01,1057.72,1066.28,1035.62,1036.28,1344535800
2022-12-02,1032.75,1080.01,1030.81,1080.01,1092310560
2022-12-05,1084.4,1099.45,1082.59,1093.67,1257541076
2022-12-06,1090.64,1090.64,1048.69,1048.69,1481855770
2022-12-07,1048.69,1059.79,1034.92,1041.02,920936041
2022-12-08,1051.58,1078.09,1045.98,1050.53,916987609
2022-12-09,1056.69,1061.21,1041.39,1051.81,788203123
2022-12-12,1059.43,1065.16,1032.07,1032.07,909565473
2022-12-13,1035.28,1047.45,1026.3,1047.45,798742525
2022-12-14,1048.15,1062.18,1046.43,1050.43,792044133
2022-12-15,1049.16,1062.61,1049.06,1055.32,731119454
2022-12-16,1055.32,1064.79,1047.16,1052.48,881530875
2022-12-19,1052.13,1065.59,1038.4,1038.4,988837463
2022-12-20,1036.01,1038.74,1010.08,1023.13,1075424369
2022-12-21,1033.34,1033.84,1005.43,1018.88,857326761
2022-12-22,1019.88,1033.18,1016.54,1022.61,714220518
2022-12-23,1023.92,1027.34,1013.2,1020.34,544113372
2022-12-26,1020.34,1021.89,985.21,985.21,623487317
2022-12-27,985.21,1007.88,983.67,1004.57,593357171
2022-12-28,1008.81,1020.52,998.97,1015.66,590452765
2022-12-29,1015.39,1021.96,1009.29,1009.29,462660433
2022-12-30,1017.25,1017.99,1007.09,1007.09,407135481
2023-01-03,1011.54,1043.9,1011.38,1043.9,551325561
2023-01-04,1047.91,1052.6,1041.56,1046.35,647730520
2023-01-05,1048.17,1058.14,1046.64,1055.82,535052900
2023-01-06,1055.46,1065.58,1047.26,1051.44,698499467
2023-01-09,1058.28,1062.12,1050.95,1054.21,475203965
2023-01-10,1054.21,1057.44,1045.75,1053.35,546263068
2023-01-11,1058.25,1065.69,1054.53,1055.76,545184418
2023-01-12,1058.51,1060.97,1050.27,1056.39,506466858
2023-01-13,1060.96,1066.39,1055.23,1060.17,670231695
2023-01-16,1060.17,1067.74,1057.87,1066.68,520790888
2023-01-17,1067.6,1088.29,1067.6,1088.29,673933466
2023-01-18,1092.5,1100.39,1089.56,1098.28,604197540
2023-01-19,1098.28,1111.72,1094.46,1108.08,617714336
2023-01-27,1114.58,1124.3,1111.41,1117.1,604933400
2023-01-30,1117.31,1118.46,1102.57,1102.57,798675700
2023-01-31,1100.87,1111.18,1088.25,1111.18,748424020
2023-02-01,1114.26,1116.96,1075.97,1075.97,1029897286
2023-02-02,1079.64,1083.36,1070.81,1077.59,634742880
2023-02-03,1077.59,1081.89,1070.46,1077.15,563829415
2023-02-06,1077.14,1089.29,1067.24,1089.29,527006509
2023-02-07,1089.43,1092.12,1065.18,1065.84,673206842
2023-02-08,1067.58,1079.51,1063.5,1072.22,569317582
2023-02-09,1070.07,1075.2,1064.03,1064.03,473849440
2023-02-10,1066.11,1066.28,1054.08,1055.3,463941839
2023-02-13,1050.7,1054.05,1031.7,1043.7,681323770
2023-02-14,1043.7,1046.64,1032.76,1038.64,395732862
2023-02-15,1037.11,1051.89,1034.39,1048.2,585762700
2023-02-16,1048.2,1058.29,1047.45,1058.29,475804145
2023-02-17,1058.29,1062.25,1053.26,1059.31,465080299
2023-02-20,1059.74,1088.01,1059.56,1086.69,682286993
2023-02-21,1089.61,1095.1,1081.8,1082.23,720349483
2023-02-22,1079.72,1079.72,1054.28,1054.28,814013600
2023-02-23,1053.89,1054.48,1030.58,1053.66,720747240
2023-02-24,1051.59,1052.49,1034.66,1039.56,430407670
2023-02-27,1037.54,1037.54,1017.55,1021.25,588607325
2023-02-28,1021.25,1034.36,1018.72,1024.68,432959234
2023-03-01,1023.29,1040.55,1013.37,1040.55,523621012
2023-03-02,1039.0,1043.8,1033.07,1037.61,373163740
2023-03-03,1038.1,1041.82,1022.78,1024.77,447721928
2023-03-06,1032.68,1042.43,1026.73,1027.18,421901651
2023-03-07,1034.62,1043.92,1033.32,1037.84,473165337
2023-03-08,1028.62,1049.18,1027.8,1049.18,510279935
2023-03-09,1050.65,1060.56,1049.45,1055.95,609044089
2023-03-10,1051.68,1053.86,1046.31,1053.0,508592417
2023-03-13,1053.0,1055.58,1045.46,1052.8,625071605
2023-03-14,1049.44,1051.56,1034.72,1040.13,621186235
2023-03-15,1043.82,1062.55,1043.82,1062.19,622855977
2023-03-16,1055.95,1058.73,1043.65,1047.4,532926812
2023-03-17,1053.47,1055.42,1043.54,1045.14,564932380
2023-03-20,1045.14,1045.14,1022.71,1023.1,567363237
2023-03-21,1027.56,1036.15,1017.05,1032.43,474892969
2023-03-22,1032.6,1042.84,1032.6,1040.54,458776626
2023-03-23,1035.44,1045.1,1030.93,1045.1,431450931
2023-03-24,1047.1,1052.29,1044.02,1046.79,579737940
2023-03-27,1047.78,1053.78,1041.99,1052.25,556948410
2023-03-28,1055.82,1059.83,1051.75,1054.29,648102598
2023-03-29,1055.75,1056.33,1048.26,1056.33,460964114
2023-03-30,1056.33,1066.23,1056.33,1059.44,633975741
2023-03-31,1059.79,1067.55,1059.79,1064.64,639933832
2023-04-03,1071.6,1079.28,1071.6,1079.28,821311240
2023-04-04,1081.43,1082.21,1075.1,1078.45,803886355
2023-04-05,1079.06,1080.86,1074.1,1080.86,793746144
2023-04-06,1083.07,1084.52,1070.91,1070.91,998757389
2023-04-07,1071.22,1072.94,1063.7,1069.71,646004332
2023-04-10,1073.86,1075.54,1063.45,1065.35,857459575
2023-04-11,1063.78,1070.56,1056.9,1069.46,697781314
2023-04-12,1071.61,1072.7,1066.43,1069.45,726163549
2023-04-13,1070.48,1070.96,1062.26,1064.3,673041706
2023-04-14,1067.21,1068.79,1052.89,1052.89,786525944
2023-04-17,1052.78,1054.72,1049.11,1053.81,453785270
2023-04-18,1055.65,1057.15,1050.89,1055.02,539759416
2023-04-19,1058.03,1058.14,1047.47,1048.98,569676924
2023-04-20,1049.87,1051.86,1045.85,1049.25,373744769
2023-04-21,1049.25,1050.4,1041.26,1042.91,553030161
2023-04-24,1042.91,1047.18,1038.36,1041.36,556987634
2023-04-25,1045.87,1045.87,1032.49,1034.85,539588993
2023-04-26,1034.18,1040.8,1029.19,1040.8,576776771
2023-04-27,1041.39,1044.25,1037.62,1039.63,511730481
2023-04-28,1043.17,1049.12,1042.04,1049.12,613143100
2023-05-04,1046.05,1048.16,1038.18,1040.61,625808460
2023-05-05,1040.61,1043.22,1036.69,1040.31,547775602
2023-05-08,1043.48,1053.44,1043.44,1053.44,655533160
2023-05-09,1055.42,1058.71,1052.68,1053.77,564403499
2023-05-10,1055.62,1058.67,1053.34,1058.26,717423000
2023-05-11,1061.07,1063.69,1056.72,1057.12,708309615
2023-05-12,1057.12,1066.9,1053.97,1066.9,725827200
2023-05-15,1067.61,1076.32,1065.71,1065.71,834497150
2023-05-16,1068.51,1069.27,1063.65,1065.91,681376611
2023-05-17,1066.13,1069.95,1060.44,1060.44,836832759
2023-05-18,1060.44,1073.41,1060.44,1068.31,649534572
2023-05-19,1070.13,1070.15,1058.56,1067.07,755489197
2023-05-22,1068.25,1070.64,1065.88,1070.64,711106360
2023-05-23,1073.12,1073.96,1062.15,1065.85,721987481
2023-05-24,1069.49,1069.61,1060.6,1061.79,794095122
2023-05-25,1062.03,1065.5,1057.91,1064.63,669530149
2023-05-26,1066.72,1067.28,1063.76,1063.76,640714612
2023-05-29,1066.34,1077.18,1066.34,1074.98,844875747
2023-05-30,1074.98,1079.31,1071.01,1078.05,922938040
2023-05-31,1078.16,1079.11,1071.38,1075.17,924361374
2023-06-01,1076.5,1078.39,1071.61,1078.39,856813100
2023-06-02,1084.19,1092.24,1083.36,1090.84,1037413832
2023-06-05,1099.66,1103.81,1096.76,1097.82,948361281
2023-06-06,1098.8,1108.31,1098.28,1108.31,842755231
2023-06-07,1110.79,1112.28,1104.26,1109.54,1000674077
2023-06-08,1111.73,1115.14,1101.32,1101.32,1324883081
2023-06-09,1103.01,1107.53,1097.23,1107.53,902209434
2023-06-12,1110.26,1116.02,1100.08,1116.02,797975274
2023-06-13,1117.33,1122.46,1116.1,1122.46,943543202
2023-06-14,1122.46,1129.49,1117.42,1117.42,928596018
2023-06-15,1116.99,1120.13,1112.11,1116.97,716875115
2023-06-16,1117.08,1128.92,1112.51,1115.22,1166381071
2023-06-19,1115.59,1117.23,1104.73,1105.4,811306110
2023-06-20,1105.4,1111.72,1102.58,1111.72,695589566
2023-06-21,1112.73,1118.46,1110.65,1118.46,875892009
2023-06-22,1126.21,1127.54,1122.27,1125.3,919320913
2023-06-23,1126.4,1130.61,1122.62,1129.38,906633429
2023-06-26,1129.38,1134.0,1119.95,1132.03,1040389313
2023-06-27,1134.36,1136.49,1128.82,1134.33,721995093
2023-06-28,1135.78,1140.56,1131.86,1138.35,892135684
2023-06-29,1139.42,1140.43,1125.39,1125.39,906889844
2023-06-30,1125.32,1126.33,1120.01,1120.18,617525563
2023-07-03,1124.96,1128.35,1121.17,1125.5,558383886
2023-07-04,1127.15,1132.12,1123.49,1132.0,701311418
2023-07-05,1136.64,1138.67,1133.45,1134.62,807034287
2023-07-06,1134.49,1135.81,1122.35,1126.22,921107414
2023-07-07,1124.98,1138.07,1122.94,1138.07,798404469
2023-07-10,1142.76,1149.02,1140.03,1149.02,879429309
2023-07-11,1149.38,1157.01,1149.38,1151.77,936910449
2023-07-12,1153.72,1157.43,1149.28,1154.2,788162797
2023-07-13,1159.75,1165.42,1158.15,1165.42,806743855
2023-07-14,1165.42,1169.84,1156.28,1168.4,1042750588
2023-07-17,1171.75,1174.89,1168.77,1173.13,914617699
2023-07-18,1173.15,1175.7,1170.04,1174.09,837137143
2023-07-19,1174.09,1178.55,1172.98,1172.98,896644826
2023-07-20,1172.98,1174.39,1166.62,1172.81,796609448
2023-07-21,1173.21,1185.9,1172.07,1185.9,988085166
2023-07-24,1190.77,1193.22,1183.39,1190.72,1043024974
2023-07-25,1194.45,1199.27,1193.34,1195.9,1000328186
2023-07-26,1196.33,1200.84,1195.44,1200.84,912295513
2023-07-27,1201.69,1203.69,1191.08,1197.33,1162285963
2023-07-28,1197.58,1207.67,1195.86,1207.67,1111482062
2023-07-31,1207.67,1224.81,1207.67,1222.9,1204882556
2023-08-01,1230.32,1234.5,1217.56,1217.56,1280939063
2023-08-02,1217.03,1223.04,1213.18,1220.43,940810059
2023-08-03,1219.73,1222.35,1209.06,1210.95,1032558151
2023-08-04,1211.9,1228.12,1211.9,1225.98,1126518936
2023-08-07,1233.1,1241.42,1230.38,1241.42,1295575765
2023-08-08,1243.38,1246.22,1239.01,1242.23,1192874638
2023-08-09,1240.71,1241.96,1231.28,1233.99,1092478002
2023-08-10,1236.51,1238.19,1220.61,1220.61,1010944643
2023-08-11,1228.78,1232.21,1213.37,1232.21,1012420560
2023-08-14,1237.43,1239.61,1229.04,1236.84,1106278804
2023-08-15,1236.84,1239.42,1230.58,1234.05,912029078
2023-08-16,1234.77,1243.48,1234.77,1243.26,930667089
2023-08-17,1242.58,1243.98,1233.48,1233.48,1111719043
2023-08-18,1227.18,1228.98,1177.74,1177.99,1702046002
2023-08-21,1178.39,1188.16,1164.63,1179.76,1078398206
2023-08-22,1180.17,1184.43,1149.13,1180.49,1055664316
2023-08-23,1193.32,1193.79,1168.89,1172.56,747179434
2023-08-24,1172.56,1189.99,1171.33,1189.39,851534592
2023-08-25,1189.37,1192.59,1181.6,1183.37,893336876
2023-08-28,1189.87,1202.02,1189.43,1201.72,882846337
2023-08-29,1204.76,1208.78,1197.57,1204.43,990936199
2023-08-30,1206.1,1213.52,1203.51,1213.16,911988548
2023-08-31,1214.32,1224.84,1214.32,1224.05,945474870
2023-09-05,1231.65,1236.21,1228.7,1234.98,1087343528
2023-09-06,1237.42,1245.5,1229.89,1245.5,1131934538
2023-09-07,1247.07,1255.11,1240.82,1243.14,1127715259
2023-09-08,1241.93,1248.1,1240.15,1241.48,1097934295
2023-09-11,1245.58,1251.37,1223.33,1223.63,1393859204
2023-09-12,1223.55,1245.44,1220.85,1245.44,967867696
2023-09-13,1249.06,1250.61,1232.84,1238.39,1263786726
2023-09-14,1238.21,1244.21,1223.03,1223.81,1227453311
2023-09-15,1225.9,1233.87,1220.27,1227.36,917361628
2023-09-18,1227.36,1227.36,1203.88,1211.81,844996338
2023-09-19,1212.76,1219.57,1199.85,1211.5,1004729384
2023-09-20,1212.76,1226.11,1209.46,1226.11,878031341
2023-09-21,1227.28,1227.88,1211.65,1212.74,963674886
2023-09-22,1205.41,1205.41,1174.57,1193.05,1393430630
2023-09-25,1193.05,1195.62,1153.2,1153.2,1086893263
2023-09-26,1153.2,1163.52,1137.96,1137.96,1046590396
2023-09-27,1139.65,1153.85,1126.36,1153.85,860424151
2023-09-28,1153.78,1155.39,1136.99,1152.43,691112432
2023-09-29,1152.43,1163.88,1152.43,1154.15,574812383
2023-10-02,1155.36,1161.48,1149.63,1155.25,518241915
2023-10-03,1145.94,1146.59,1117.28,1118.1,991875600
2023-10-04,1113.25,1133.79,1106.4,1128.67,682485641
2023-10-05,1131.29,1133.12,1113.89,1113.89,609007336
2023-10-06,1115.13,1129.13,1107.4,1128.54,621618542
2023-10-09,1130.38,1137.36,1127.03,1137.36,602615874
2023-10-10,1140.83,1150.34,1140.83,1143.69,671763276
2023-10-11,1146.08,1150.81,1138.22,1150.81,543054354
2023-10-12,1151.81,1156.73,1148.11,1151.61,647175500
2023-10-13,1144.5,1155.1,1138.99,1154.73,621416606
2023-10-16,1154.87,1157.46,1140.64,1141.42,676192185
2023-10-17,1145.34,1147.89,1121.65,1121.65,610499889
2023-10-18,1123.58,1125.27,1088.87,1103.4,1038176335
2023-10-19,1104.03,1104.03,1087.85,1087.85,649225855
2023-10-20,1087.73,1108.16,1073.73,1108.03,658192868
2023-10-23,1106.38,1106.8,1086.54,1093.53,563101470
2023-10-24,1094.77,1107.3,1088.17,1105.9,509040896
2023-10-25,1106.1,1111.39,1100.64,1101.66,539258100
2023-10-26,1081.21,1083.22,1049.71,1055.45,1177081206
2023-10-27,1059.57,1061.87,1037.46,1060.62,692233832
2023-10-30,1054.03,1060.39,1042.4,1042.4,533359252
2023-10-31,1043.83,1046.17,1025.03,1028.19,755535020
2023-11-01,1029.43,1039.66,1020.01,1039.66,679885915
2023-11-02,1039.86,1075.47,1039.86,1075.47,772121338
2023-11-03,1077.64,1082.23,1071.11,1076.78,756483331
2023-11-06,1076.78,1089.66,1076.78,1089.66,692791604
2023-11-07,1089.66,1089.89,1079.42,1080.29,634514315
2023-11-08,1079.65,1113.43,1075.8,1113.43,952577357
2023-11-09,1117.06,1124.78,1112.13,1113.89,1052082350
2023-11-10,1104.62,1116.02,1101.23,1101.68,1032796666
2023-11-13,1103.66,1107.91,1093.19,1100.07,789437382
2023-11-14,1106.44,1115.6,1101.67,1109.73,822197114
2023-11-15,1120.35,1132.75,1118.74,1122.5,937960012
2023-11-16,1119.81,1125.53,1114.97,1125.53,687396150
2023-11-17,1127.92,1129.84,1096.16,1101.19,1255204381
2023-11-20,1089.99,1111.26,1085.32,1103.66,841468794
2023-11-21,1104.52,1112.77,1103.79,1110.46,712613814
2023-11-22,1110.46,1115.47,1103.26,1113.82,946276924
2023-11-23,1116.32,1118.54,1088.49,1088.49,1028270888
2023-11-24,1090.72,1095.61,1073.31,1095.61,958343250
2023-11-27,1095.61,1096.84,1085.69,1088.06,595015273
2023-11-28,1088.54,1095.43,1076.45,1095.43,681884567
2023-11-29,1095.43,1105.28,1095.43,1102.8,614957140
2023-11-30,1101.75,1107.45,1094.13,1094.13,723483378
2023-12-01,1094.13,1102.2,1090.08,1102.16,603587510
2023-12-04,1102.16,1123.96,1102.16,1120.49,1120648335
2023-12-05,1120.49,1124.11,1113.55,1115.97,824655978
2023-12-06,1115.97,1126.43,1115.97,1126.43,853960306
2023-12-07,1127.52,1129.83,1109.51,1121.49,1334588551
2023-12-08,1121.78,1127.46,1119.43,1124.44,819095049
2023-12-11,1124.44,1129.15,1120.32,1125.5,700589754
2023-12-12,1127.85,1129.77,1123.35,1127.63,645624476
2023-12-13,1130.19,1131.21,1112.08,1114.2,844042125
2023-12-14,1118.14,1120.36,1107.86,1110.13,681022113
2023-12-15,1109.36,1112.79,1102.3,1102.3,749829297
2023-12-18,1102.3,1103.74,1091.45,1091.88,713157593
2023-12-19,1091.9,1096.3,1082.29,1096.3,649906769
2023-12-20,1097.62,1102.27,1093.38,1100.76,598209855
2023-12-21,1100.76,1102.43,1094.47,1102.43,520999516
2023-12-22,1102.23,1104.65,1099.32,1103.06,558031547
2023-12-25,1104.46,1118.31,1104.27,1117.66,658538434
2023-12-26,1118.3,1123.11,1117.93,1122.25,644741653
2023-12-27,1123.49,1126.47,1121.99,1121.99,776800261
2023-12-28,1122.77,1130.58,1120.5,1128.93,716927949
2023-12-29,1131.68,1135.05,1129.93,1129.93,710847562
2024-01-02,1138.01,1139.71,1128.69,1131.72,842255467
2024-01-03,1131.97,1144.17,1128.32,1144.17,719932658
2024-01-04,1145.49,1160.08,1144.32,1150.72,1181354559
2024-01-05,1151.43,1155.84,1149.08,1154.68,803268328
2024-01-08,1157.54,1162.56,1155.48,1160.19,905408420
2024-01-09,1161.45,1162.83,1155.46,1158.59,870509266
2024-01-10,1158.82,1166.1,1155.94,1161.54,992761212
2024-01-11,1161.54,1169.1,1157.43,1162.22,860493292
2024-01-12,1159.25,1161.91,1146.75,1154.7,1086669255
2024-01-15,1158.33,1163.75,1154.12,1154.12,617145386
2024-01-16,1149.93,1163.12,1147.71,1163.12,611399775
2024-01-17,1161.95,1168.46,1160.45,1162.53,769803132
2024-01-18,1164.35,1169.73,1162.62,1169.06,596224450
2024-01-19,1171.5,1181.5,1171.47,1181.5,662887992
2024-01-22,1185.6,1186.96,1175.54,1182.86,889755900
2024-01-23,1184.13,1184.74,1173.78,1177.5,683712214
2024-01-24,1177.5,1180.3,1172.0,1172.97,733190188
2024-01-25,1173.7,1173.83,1168.5,1170.37,540538159
2024-01-26,1173.26,1176.76,1173.26,1175.67,575224219
2024-01-29,1175.67,1180.46,1174.88,1175.69,666529537
2024-01-30,1175.97,1179.92,1174.13,1179.65,620146298
2024-01-31,1181.81,1182.53,1163.13,1164.31,1120899587
2024-02-01,1162.6,1174.5,1162.45,1173.02,670246274
2024-02-02,1174.25,1178.27,1169.7,1172.55,914673342
2024-02-05,1174.41,1188.45,1173.54,1186.06,874803630
2024-02-06,1188.22,1190.92,1185.68,1188.48,619772100
2024-02-07,1190.68,1199.52,1190.5,1198.53,685659517
2024-02-15,1203.08,1207.56,1198.81,1202.5,868724308
2024-02-16,1205.3,1210.25,1204.29,1209.7,822636730
2024-02-19,1213.38,1225.48,1212.58,1224.97,1046431380
2024-02-20,1228.08,1230.47,1222.66,1230.06,939947595
2024-02-21,1231.5,1234.22,1222.92,1230.04,988846280
2024-02-22,1230.65,1232.09,1226.15,1227.31,840410190
2024-02-23,1228.21,1240.81,1211.55,1212.0,1394045720
2024-02-26,1213.65,1225.21,1210.52,1224.17,889748773
2024-02-27,1228.98,1237.6,1226.49,1237.46,986854411
2024-02-28,1242.06,1254.55,1236.32,1254.55,970755990
2024-02-29,1257.56,1264.39,1247.7,1252.73,1091193600
2024-03-01,1256.72,1258.76,1247.87,1258.28,961928011
2024-03-04,1258.28,1268.25,1256.54,1261.41,1183086384
2024-03-05,1261.41,1269.98,1257.81,1269.98,1011196107
2024-03-06,1270.05,1277.51,1256.3,1262.73,1062933517
2024-03-07,1263.51,1269.88,1260.24,1268.46,1017267325
2024-03-08,1270.14,1274.3,1247.35,1247.35,1346110974
2024-03-11,1248.54,1254.01,1233.49,1235.49,975985066
2024-03-12,1234.87,1248.33,1233.14,1245.0,836219861
2024-03-13,1245.0,1270.51,1245.0,1270.51,982228387
2024-03-14,1272.16,1276.41,1258.67,1264.26,1057178320
2024-03-15,1263.46,1271.63,1252.36,1263.78,1067614441
2024-03-18,1264.17,1269.9,1221.67,1243.56,1708947942
2024-03-19,1246.54,1249.75,1238.92,1242.46,914651785
2024-03-20,1243.78,1261.55,1235.46,1260.08,915569336
2024-03-21,1268.02,1276.42,1264.2,1276.42,1251812900
2024-03-22,1276.42,1291.27,1276.38,1281.8,1377676890
2024-03-25,1281.63,1286.84,1264.51,1267.86,1242486633
2024-03-26,1267.86,1282.5,1264.42,1282.21,941695455
2024-03-27,1284.59,1286.72,1276.95,1283.09,919282582
2024-03-28,1288.41,1293.9,1285.52,1290.18,1012175340
2024-03-29,1293.04,1293.04,1282.44,1284.09,922547400
2024-04-01,1282.37,1286.8,1274.09,1281.52,971211980
2024-04-02,1275.83,1287.04,1268.48,1287.04,1087683661
2024-04-03,1285.26,1288.99,1271.47,1271.47,1077322954
2024-04-04,1272.91,1277.62,1265.12,1268.25,980907137
2024-04-05,1268.25,1268.25,1253.56,1255.11,1075439698
2024-04-08,1255.51,1258.4,1246.87,1250.35,876038830
2024-04-09,1252.4,1262.82,1247.7,1262.82,717434222
2024-04-10,1266.52,1268.72,1258.56,1258.56,702274717
2024-04-11,1255.46,1262.03,1248.11,1258.2,686819590
2024-04-12,1259.02,1278.39,1259.02,1276.6,944444595
2024-04-15,1276.16,1281.81,1216.61,1216.61,1455862779
2024-04-16,1216.65,1222.45,1191.73,1215.68,1355239132
2024-04-17,1215.98,1221.47,1193.01,1193.01,859252249
2024-04-19,1188.47,1190.96,1165.99,1174.85,1070536473
2024-04-22,1183.77,1193.88,1181.13,1190.22,708578793
2024-04-23,1189.98,1192.8,1169.61,1177.4,778311310
2024-04-24,1177.4,1207.61,1177.4,1205.61,820079823
2024-04-25,1206.52,1208.41,1200.21,1204.97,569651810
2024-04-26,1199.6,1216.6,1198.73,1209.52,620884392
2024-05-02,1212.13,1216.36,1206.28,1216.36,570363680
2024-05-03,1219.75,1225.75,1218.33,1221.03,643428817
2024-05-06,1227.25,1241.58,1224.22,1241.58,864633630
2024-05-07,1246.25,1250.63,1240.09,1248.63,707897194
2024-05-08,1243.61,1251.62,1234.76,1250.46,981802972
2024-05-09,1254.12,1256.8,1243.29,1248.64,771552716
2024-05-10,1252.04,1252.5,1237.46,1244.7,669111203
2024-05-13,1244.7,1249.2,1233.56,1240.18,741579440
2024-05-14,1247.49,1252.52,1240.88,1243.28,640493532
2024-05-15,1243.28,1257.92,1243.28,1254.39,880174065
2024-05-16,1264.69,1271.66,1261.19,1268.78,885055936
2024-05-17,1270.49,1274.27,1266.32,1273.11,937042992
2024-05-20,1281.52,1285.19,1277.36,1277.58,1161563296
2024-05-21,1278.44,1281.29,1267.29,1277.14,972159800
2024-05-22,1280.47,1283.06,1263.87,1266.91,1139091754
2024-05-23,1266.02,1281.03,1262.29,1281.03,968130000
2024-05-24,1280.77,1285.07,1250.28,1261.93,1367781161
2024-05-27,1263.46,1267.68,1257.27,1267.68,726703810
2024-05-28,1272.85,1281.73,1269.37,1281.73,868584327
2024-05-29,1281.73,1285.63,1271.6,1272.64,1072465256
2024-05-30,1267.62,1269.07,1251.8,1266.32,1050581949
2024-05-31,1268.86,1271.07,1261.43,1261.72,771151605
2024-06-03,1272.37,1284.48,1271.65,1280.0,1046924676
2024-06-04,1286.14,1289.31,1281.98,1283.52,935848681
2024-06-05,1284.36,1293.93,1284.35,1284.35,925054928
2024-06-06,1288.79,1292.02,1278.4,1283.56,893066672
2024-06-07,1284.99,1293.03,1283.13,1287.58,698283332
2024-06-10,1292.89,1297.39,1287.44,1290.67,858651954
2024-06-11,1295.04,1296.41,1279.47,1284.41,993342917
2024-06-12,1285.2,1301.35,1281.71,1300.19,895254667
2024-06-13,1305.69,1306.01,1297.6,1301.51,891331399
2024-06-14,1303.37,1305.02,1279.91,1279.91,1110637093
2024-06-17,1281.85,1283.1,1272.54,1274.77,900555134
2024-06-18,1280.29,1286.52,1278.38,1279.5,805289430
2024-06-19,1279.5,1284.14,1270.66,1279.79,1004875853
2024-06-20,1280.98,1286.54,1273.54,1282.3,932545131
2024-06-21,1284.99,1288.06,1279.44,1282.02,834751762
2024-06-24,1281.19,1284.84,1252.66,1254.12,1247101984
2024-06-25,1256.11,1260.07,1250.25,1256.56,835303407
2024-06-26,1258.42,1262.67,1247.55,1261.24,878371266
2024-06-27,1261.24,1262.49,1255.12,1259.09,596988499
2024-06-28,1260.77,1262.61,1240.15,1245.32,840428178
2024-07-01,1245.22,1254.56,1240.07,1254.56,487191100
2024-07-02,1258.96,1270.47,1257.93,1269.79,528470005
2024-07-03,1269.96,1278.14,1268.23,1276.85,589504712
2024-07-04,1279.12,1283.13,1274.58,1279.89,523462424
2024-07-05,1279.89,1284.98,1276.93,1283.04,616503474
2024-07-08,1285.79,1287.14,1277.68,1283.56,766898184
2024-07-09,1286.7,1294.15,1283.62,1293.71,821808017
2024-07-10,1295.78,1297.96,1285.94,1285.94,751002251
2024-07-11,1291.17,1293.32,1283.8,1283.8,697233094
2024-07-12,1284.57,1288.67,1277.16,1280.75,606308137
2024-07-15,1281.0,1286.37,1276.27,1279.82,573511101
2024-07-16,1280.64,1291.47,1279.37,1281.18,684257163
